Anchorman - The Legend of Ron Burgundy,https://m.media-amazon.com/images/M/MV5BMTQ2MzYwMzk5Ml5BMl5BanBnXkFtZTcwOTI4NzUyMw@@._V1_.jpg
Ant-Man and the Wasp - Quantumania,https://m.media-amazon.com/images/M/MV5BMThkYWY5ZjQtYjJlMS00MDFmLWFkYzEtODEzZjg5YWFmMGY4XkEyXkFqcGc@._V1_.jpg
Avengers - Age of Ultron,https://m.media-amazon.com/images/M/MV5BODBhYTg1NGQtNGVmNS00ZTdiLThjYTYtZDFkNzRiNTZmNDZjXkEyXkFqcGc@._V1_.jpg
Avengers - Endgame,https://m.media-amazon.com/images/M/MV5BMTc5MDE2ODcwNV5BMl5BanBnXkFtZTgwMzI2NzQ2NzM@._V1_.jpg
Avengers - Infinity War,https://m.media-amazon.com/images/M/MV5BMjMxNjY2MDU1OV5BMl5BanBnXkFtZTgwNzY1MTUwNTM@._V1_.jpg
Batman v Superman - Dawn of Justice,https://m.media-amazon.com/images/M/MV5BZTJkYjdmYjYtOGMyNC00ZGU1LThkY2ItYTc1OTVlMmE2YWY1XkEyXkFqcGc@._V1_.jpg
Batman - Mask of the Phantasm,https://m.media-amazon.com/images/M/MV5BYTRiMWM3MGItNjAxZC00M2E3LThhODgtM2QwOGNmZGU4OWZhXkEyXkFqcGdeQXVyNjExODE1MDc@._V1_.jpg
Black Panther - Wakanda Forever,https://m.media-amazon.com/images/M/MV5BYWY5NDY1ZjItZDQxMy00MTAzLTgyOGQtNTQxYjFiMzZjMjUyXkEyXkFqcGc@._V1_.jpg
Captain America - Civil War,https://m.media-amazon.com/images/M/MV5BMjQ0MTgyNjAxMV5BMl5BanBnXkFtZTgwNjUzMDkyODE@._V1_.jpg
Captain America - The First Avenger,https://m.media-amazon.com/images/M/MV5BNzUyM2YyY2MtNzNlMS00MWU5LTgxNjAtNzZlNmI2NjU2NDZlXkEyXkFqcGc@._V1_.jpg
Captain America - The Winter Soldier,https://m.media-amazon.com/images/M/MV5BNWY1NjFmNDItZDhmOC00NjI1LWE0ZDItMTM0MjBjZThiOTQ2XkEyXkFqcGc@._V1_.jpg
Dune - Part Two,https://m.media-amazon.com/images/M/MV5BNTc0YmQxMjEtODI5MC00NjFiLTlkMWUtOGQ5NjFmYWUyZGJhXkEyXkFqcGc@._V1_.jpg
Dungeons & Dragons - Honor Among Thieves,https://m.media-amazon.com/images/M/MV5BOGRjMjQ0ZDAtODc0OS00MGY1LTkxMTMtODhhNjY5NTM4N2IwXkEyXkFqcGc@._V1_.jpg
High School Musical 3 - Senior Year,https://m.media-amazon.com/images/M/MV5BNDE1NjU2NTMyNV5BMl5BanBnXkFtZTcwMTg3NDA3MQ@@._V1_.jpg
Indiana Jones - Raiders of the Lost Ark,https://m.media-amazon.com/images/M/MV5BOGNhMjg2ZjgtYzk4Ni00MTViLTg1MmUtYzM2MDZiYjZlMmU3XkEyXkFqcGc@._V1_.jpg
John Mulaney - Kid Gorgeous at Radio City,https://m.media-amazon.com/images/M/MV5BYjc1MDk3NDMtZDU0ZS00NmM3LWJiNjYtNTM3ZDg1ZTQyYTg3XkEyXkFqcGc@._V1_.jpg
John Mulaney - New In Town,https://m.media-amazon.com/images/M/MV5BMjIzNzg5NTA2M15BMl5BanBnXkFtZTgwOTY4NjA2MDE@._V1_.jpg
John Mulaney - The Comeback Kid,https://m.media-amazon.com/images/M/MV5BMzA3NjgyNDMtMTFkMS00Zjg4LWI0N2UtZGU2ODE4OTA0M2YyXkEyXkFqcGc@._V1_.jpg
Mission - Impossible,https://m.media-amazon.com/images/M/MV5BOGZjNDlkMTYtMTJkZi00OTkzLWI4NDEtYTA2ODQyMjcwYTdlXkEyXkFqcGc@._V1_.jpg
Mission - Impossible - Dead Reckoning Part One,https://m.media-amazon.com/images/M/MV5BN2U4OTdmM2QtZTkxYy00ZmQyLTg2N2UtMDdmMGJmNDhlZDU1XkEyXkFqcGc@._V1_.jpg
Mission - Impossible - Fallout,https://m.media-amazon.com/images/M/MV5BMTk3NDY5MTU0NV5BMl5BanBnXkFtZTgwNDI3MDE1NTM@._V1_.jpg
Mission - Impossible - Ghost Protocol,https://m.media-amazon.com/images/M/MV5BMTY4MTUxMjQ5OV5BMl5BanBnXkFtZTcwNTUyMzg5Ng@@._V1_.jpg
Mission - Impossible - Rogue Nation,https://m.media-amazon.com/images/M/MV5BZjUwZjg2ZjAtY2RhZi00YmZjLTlhNGQtOWQwNDk1MjhhM2NhXkEyXkFqcGc@._V1_.jpg
Mission - Impossible II,https://m.media-amazon.com/images/M/MV5BYWFjM2NhMTAtNDU1My00ODUxLTkwMzYtODQzNzM0ODM0ZWQ0XkEyXkFqcGc@._V1_.jpg
Mission - Impossible III,https://m.media-amazon.com/images/M/MV5BNzY1MzdjMjYtNDJiZS00N2U4LWI0MWQtZTRiZWYxMzU3ZmI4XkEyXkFqcGc@._V1_.jpg
Pirates of the Caribbean - At World's End,https://m.media-amazon.com/images/M/MV5BMjIyNjkxNzEyMl5BMl5BanBnXkFtZTYwMjc3MDE3._V1_.jpg
Pirates of the Caribbean - Curse of the Black Pearl,https://m.media-amazon.com/images/M/MV5BNDhlMzEyNzItMTA5Mi00YWRhLThlNTktYTQyMTA0MDIyNDEyXkEyXkFqcGc@._V1_.jpg
Pirates of the Caribbean - Dead Man's Chest,https://m.media-amazon.com/images/M/MV5BMTcwODc1MTMxM15BMl5BanBnXkFtZTYwMDg1NzY3._V1_.jpg
Robin Hood - Men in Tights,https://m.media-amazon.com/images/M/MV5BY2ZkMGU1OGUtZTJlOS00MmE5LWIxZjQtYWRlZDljMGJkMTZmXkEyXkFqcGc@._V1_.jpg
Rogue One - A Star Wars Story,https://m.media-amazon.com/images/M/MV5BMjEwMzMxODIzOV5BMl5BanBnXkFtZTgwNzg3OTAzMDI@._V1_.jpg
Scooby-Doo 2 - Monsters Unleashed,https://m.media-amazon.com/images/M/MV5BMjEzNzk3NTE1Ml5BMl5BanBnXkFtZTYwODM1MTU3._V1_.jpg
Spider-Man - Across the Spider-Verse,https://m.media-amazon.com/images/M/MV5BNThiZjA3MjItZGY5Ni00ZmJhLWEwN2EtOTBlYTA4Y2E0M2ZmXkEyXkFqcGc@._V1_.jpg
Spider-Man - Far From Home,https://m.media-amazon.com/images/M/MV5BMGZlNTY1ZWUtYTMzNC00ZjUyLWE0MjQtMTMxN2E3ODYxMWVmXkEyXkFqcGdeQXVyMDM2NDM2MQ@@._V1_.jpg
Spider-Man - Homecoming,https://m.media-amazon.com/images/M/MV5BNTk4ODQ1MzgzNl5BMl5BanBnXkFtZTgwMTMyMzM4MTI@._V1_.jpg
Spider-Man - Into the Spider-Verse,https://m.media-amazon.com/images/M/MV5BMjMwNDkxMTgzOF5BMl5BanBnXkFtZTgwNTkwNTQ3NjM@._V1_.jpg
Spider-Man - No Way Home,https://m.media-amazon.com/images/M/MV5BZWMyYzFjYTYtNTRjYi00OGExLWE2YzgtOGRmYjAxZTU3NzBiXkEyXkFqcGdeQXVyMzQ0MzA0NTM@._V1_.jpg
Star Trek II - The Wrath of Khan,https://m.media-amazon.com/images/M/MV5BNmZiZmM2OTUtZDlmOC00YzYyLThkMGEtZWFkMjJmM2EwZDVkXkEyXkFqcGdeQXVyMjUzOTY1NTc@._V1_.jpg
Star Wars - Episode I - The Phantom Menace,https://m.media-amazon.com/images/M/MV5BODVhNGIxOGItYWNlMi00YTA0LWI3NTctZmQxZGUwZDEyZWI4XkEyXkFqcGc@._V1_.jpg
Star Wars - Episode II - Attack of the Clones,https://m.media-amazon.com/images/M/MV5BNTgxMjY2YzUtZmVmNC00YjAwLWJlODMtNDBhNzllNzIzMjgxXkEyXkFqcGc@._V1_.jpg
Star Wars - Episode III - Revenge of the Sith,https://m.media-amazon.com/images/M/MV5BNTc4MTc3NTQ5OF5BMl5BanBnXkFtZTcwOTg0NjI4NA@@._V1_.jpg
Star Wars - The Force Awakens,https://m.media-amazon.com/images/M/MV5BOTAzODEzNDAzMl5BMl5BanBnXkFtZTgwMDU1MTgzNzE@._V1_.jpg
Star Wars - The Last Jedi,https://m.media-amazon.com/images/M/MV5BMjQ1MzcxNjg4N15BMl5BanBnXkFtZTgwNzgwMjY4MzI@._V1_.jpg
Star Wars - The Rise of Skywalker,https://m.media-amazon.com/images/M/MV5BODg5ZTNmMTUtYThlNy00NjljLWE0MGUtYmQ1NDg4NWU5MjQ1XkEyXkFqcGc@._V1_.jpg
Superman - Red Son,https://m.media-amazon.com/images/M/MV5BNGM0YTQ3MzktZWQ0Mi00MWNhLWJlYTQtOGYxYzhmMDBmMzA0XkEyXkFqcGc@._V1_.jpg
Terminator 2 - Judgement Day,https://m.media-amazon.com/images/M/MV5BNGMyMGNkMDUtMjc2Ni00NWFlLTgyODEtZTY2MzBiZTg0OWZiXkEyXkFqcGc@._V1_.jpg
The Hobbit - An Unexpected Journey,https://m.media-amazon.com/images/M/MV5BMTcwNTE4MTUxMl5BMl5BanBnXkFtZTcwMDIyODM4OA@@._V1_.jpg
The Lord of the Rings - The Fellowship of the Ring,https://m.media-amazon.com/images/M/MV5BNzIxMDQ2YTctNDY4MC00ZTRhLTk4ODQtMTVlOWY4NTdiYmMwXkEyXkFqcGc@._V1_.jpg
The Lord of the Rings - The Return of the King,https://m.media-amazon.com/images/M/MV5BMTZkMjBjNWMtZGI5OC00MGU0LTk4ZTItODg2NWM3NTVmNWQ4XkEyXkFqcGc@._V1_.jpg
The Lord of the Rings - The Two Towers,https://m.media-amazon.com/images/M/MV5BMGQxMDdiOWUtYjc1Ni00YzM1LWE2NjMtZTg3Y2JkMjEzMTJjXkEyXkFqcGc@._V1_.jpg
The Naked Gun - From the Files of Police Squad,https://m.media-amazon.com/images/M/MV5BZTI5N2I1MjAtNTc0Yy00ZDIyLThkZTctMGQ5NTBhNjIwMWQ0XkEyXkFqcGc@._V1_.jpg
Thor - Love and Thunder,https://m.media-amazon.com/images/M/MV5BZjRiMDhiZjQtNjk5Yi00ZDcwLTkyYTEtMDc1NjdmNjFhNGIzXkEyXkFqcGc@._V1_.jpg
Thor - Ragnarok,https://m.media-amazon.com/images/M/MV5BMjMyNDkzMzI1OF5BMl5BanBnXkFtZTgwODcxODg5MjI@._V1_.jpg
Thor - The Dark World,https://m.media-amazon.com/images/M/MV5BMTQyNzAwOTUxOF5BMl5BanBnXkFtZTcwMTE0OTc5OQ@@._V1_.jpg
Trevor Noah - I Wish You Would,https://m.media-amazon.com/images/M/MV5BMWVjMWZlM2MtZThkMS00YmU5LTg2Y2ItZGEwMzRkODMwZWJhXkEyXkFqcGc@._V1_.jpg
Venom - Let There Be Carnage,https://m.media-amazon.com/images/M/MV5BZGIxMTU1MjItM2FmMi00YmFiLTgwNDMtMTczYmVjYTBhNGZhXkEyXkFqcGc@._V1_.jpg
X-Men 2 - X-Men United,https://m.media-amazon.com/images/M/MV5BNDk0NjYxMzIzOF5BMl5BanBnXkFtZTYwMTc1MjU3._V1_.jpg
X-Men - Days of Future Past,https://m.media-amazon.com/images/M/MV5BNzNiYWE4NjMtMTU4OS00NmM4LWE4ZjAtYmE5OTA5NjkzODExXkEyXkFqcGc@._V1_.jpg
X-Men - First Class,https://m.media-amazon.com/images/M/MV5BMTg5OTMxNzk4Nl5BMl5BanBnXkFtZTcwOTk1MjAwNQ@@._V1_.jpg
X-Men - The Last Stand,https://m.media-amazon.com/images/M/MV5BMThmOWE3OWEtODJmNC00ZDEzLTk4MWUtNzEzM2RiNmJiZmU3XkEyXkFqcGc@._V1_.jpg