12 Angry Men,https://m.media-amazon.com/images/M/MV5BYjE4NzdmOTYtYjc5Yi00YzBiLWEzNDEtNTgxZGQ2MWVkN2NiXkEyXkFqcGc@._V1_.jpg
3 Idiots,https://m.media-amazon.com/images/M/MV5BNzc4ZWQ3NmYtODE0Ny00YTQ4LTlkZWItNTBkMGQ0MmUwMmJlXkEyXkFqcGc@._V1_.jpg
A Christmas Carol Goes Wrong,https://m.media-amazon.com/images/M/MV5BZTJkNWM3YTktY2RhMC00NzAwLWE4OGUtYTMzOTljM2ZhNDVhXkEyXkFqcGc@._V1_.jpg
A Few Good Men,https://m.media-amazon.com/images/M/MV5BMmRlZDQ1MmUtMzE2Yi00YTkxLTk1MGMtYmIyYWQwODcxYzRlXkEyXkFqcGdeQXVyNTI4MjkwNjA@._V1_.jpg
A Simple Favor,https://m.media-amazon.com/images/M/MV5BZmM4MGFkMTItNzI1ZS00ODZlLThjYjktMTQyYmQzM2M2M2Y3XkEyXkFqcGc@._V1_.jpg
Airplane!,https://m.media-amazon.com/images/M/MV5BZjA3YjdhMWEtYjc2Ni00YzVlLWI0MTUtMGZmNTJjNmU0Yzk2XkEyXkFqcGdeQXVyNzkwMjQ5NzM@._V1_.jpg
Aladdin,https://m.media-amazon.com/images/M/MV5BZTg5ZTVmM2EtZjdhZC00MzBjLWEwZTYtNWIwZDczYzZkMzA4XkEyXkFqcGdeQXVyMTQxNzMzNDI@._V1_.jpg
Alien,https://m.media-amazon.com/images/M/MV5BN2NhMDk2MmEtZDQzOC00MmY5LThhYzAtMDdjZGFjOGZjMjdjXkEyXkFqcGc@._V1_.jpg
Aliens,https://m.media-amazon.com/images/M/MV5BZjIyNGJhYzYtN2I1My00OTVhLWEyMzItZTVjNDMzOTVkYWViXkEyXkFqcGc@._V1_.jpg
Anchorman: The Legend of Ron Burgundy,https://m.media-amazon.com/images/M/MV5BMTQ2MzYwMzk5Ml5BMl5BanBnXkFtZTcwOTI4NzUyMw@@._V1_.jpg
Animal House,https://m.media-amazon.com/images/M/MV5BM2M2ZDA4MTYtOGRjMi00OTg5LWI1ZTUtMjQxZTc2NWZjNDFkXkEyXkFqcGdeQXVyNDk3NzU2MTQ@._V1_.jpg
Ant-Man,https://m.media-amazon.com/images/M/MV5BMjM2NTQ5Mzc2M15BMl5BanBnXkFtZTgwNTcxMDI2NTE@._V1_.jpg
Ant-Man and the Wasp,https://m.media-amazon.com/images/M/MV5BODVkY2ZmZTAtYzFhMi00YzZlLWE2YWMtMDBiYjY2OTU4ZWM0XkEyXkFqcGc@._V1_.jpg
Ant-Man and the Wasp: Quantumania,https://m.media-amazon.com/images/M/MV5BMThkYWY5ZjQtYjJlMS00MDFmLWFkYzEtODEzZjg5YWFmMGY4XkEyXkFqcGc@._V1_.jpg
Avengers: Age of Ultron,https://m.media-amazon.com/images/M/MV5BODBhYTg1NGQtNGVmNS00ZTdiLThjYTYtZDFkNzRiNTZmNDZjXkEyXkFqcGc@._V1_.jpg
Avengers: Endgame,https://m.media-amazon.com/images/M/MV5BMTc5MDE2ODcwNV5BMl5BanBnXkFtZTgwMzI2NzQ2NzM@._V1_.jpg
Avengers: Infinity War,https://m.media-amazon.com/images/M/MV5BMjMxNjY2MDU1OV5BMl5BanBnXkFtZTgwNzY1MTUwNTM@._V1_.jpg
Baby Driver,https://m.media-amazon.com/images/M/MV5BMjM3MjQ1MzkxNl5BMl5BanBnXkFtZTgwODk1ODgyMjI@._V1_.jpg
Back to the Future Part II,https://m.media-amazon.com/images/M/MV5BZTMxMGM5MjItNDJhNy00MWI2LWJlZWMtOWFhMjI5ZTQwMWM3XkEyXkFqcGdeQXVyMTQxNzMzNDI@._V1_.jpg
Barbie as The Princess & the Pauper,https://m.media-amazon.com/images/M/MV5BYjQxYjg4NTktZDQ2Mi00YTZhLTlkMDAtMGYyNGIxNjRjZTg0XkEyXkFqcGc@._V1_.jpg
Batman (1989),https://m.media-amazon.com/images/M/MV5BYzZmZWViM2EtNzhlMi00NzBlLWE0MWEtZDFjMjk3YjIyNTBhXkEyXkFqcGc@._V1_.jpg
Batman Begins,https://m.media-amazon.com/images/M/MV5BOTY4YjI2N2MtYmFlMC00ZjcyLTg3YjEtMDQyM2ZjYzQ5YWFkXkEyXkFqcGdeQXVyMTQxNzMzNDI@._V1_.jpg
Batman v Superman: Dawn of Justice,https://m.media-amazon.com/images/M/MV5BZTJkYjdmYjYtOGMyNC00ZGU1LThkY2ItYTc1OTVlMmE2YWY1XkEyXkFqcGc@._V1_.jpg
Batman: Mask of the Phantasm,https://m.media-amazon.com/images/M/MV5BYTRiMWM3MGItNjAxZC00M2E3LThhODgtM2QwOGNmZGU4OWZhXkEyXkFqcGdeQXVyNjExODE1MDc@._V1_.jpg
Beauty and the Beast,https://m.media-amazon.com/images/M/MV5BYTY3NDg2YzktYWFjZC00MTExLTlmZDctMGY3MWYzZTlkYTNiXkEyXkFqcGc@._V1_.jpg
Beetlejuice,https://m.media-amazon.com/images/M/MV5BZDdmNjBlYTctNWU0MC00ODQxLWEzNDQtZGY1NmRhYjNmNDczXkEyXkFqcGdeQXVyMTQxNzMzNDI@._V1_.jpg
Beetlejuice Beetlejuice,https://m.media-amazon.com/images/M/MV5BYmRlYzE3ZTYtNjIyZi00MWYyLWEzZDItOWI5NzM1Yjc0NmI5XkEyXkFqcGc@._V1_.jpg
Big Hero 6,https://m.media-amazon.com/images/M/MV5BYjQ3YzUyOGQtNjdlYS00YmRhLWIyOWYtMGQ3YjkwMjJiYzRjXkEyXkFqcGc@._V1_.jpg
Big Trouble in Little China,https://m.media-amazon.com/images/M/MV5BYWNjZDQyMjUtZDEzZC00OThhLTg1NWItOTQ1MWI3ODBlODcyXkEyXkFqcGc@._V1_.jpg
Bill & Ted's Excellent Adventure,https://m.media-amazon.com/images/M/MV5BMTk3Mjk5MzI3OF5BMl5BanBnXkFtZTcwMTY4MzcyNA@@._V1_.jpg
Black Panther,https://m.media-amazon.com/images/M/MV5BMTg1MTY2MjYzNV5BMl5BanBnXkFtZTgwMTc4NTMwNDI@._V1_.jpg
Black Panther: Wakanda Forever,https://m.media-amazon.com/images/M/MV5BYWY5NDY1ZjItZDQxMy00MTAzLTgyOGQtNTQxYjFiMzZjMjUyXkEyXkFqcGc@._V1_.jpg
Black Widow,https://m.media-amazon.com/images/M/MV5BZTMyZTA0ZTItYjY3Yi00ODNjLWExYTgtYzgxZTk0NTg0Y2FlXkEyXkFqcGc@._V1_.jpg
Blockers,https://m.media-amazon.com/images/M/MV5BMjE0ODIzNjkzMl5BMl5BanBnXkFtZTgwODQ3MzU4NDM@._V1_.jpg
Bottoms,https://m.media-amazon.com/images/M/MV5BNzEyNTNlNDAtNTMxOC00YzMzLWFkM2QtZmRiNGE5ZTQyMWFmXkEyXkFqcGc@._V1_.jpg
Brick,https://m.media-amazon.com/images/M/MV5BMTk4MjQzMzA2N15BMl5BanBnXkFtZTcwMTU2MzIzMQ@@._V1_.jpg
Captain America: Civil War,https://m.media-amazon.com/images/M/MV5BMjQ0MTgyNjAxMV5BMl5BanBnXkFtZTgwNjUzMDkyODE@._V1_.jpg
Captain America: The First Avenger,https://m.media-amazon.com/images/M/MV5BNzUyM2YyY2MtNzNlMS00MWU5LTgxNjAtNzZlNmI2NjU2NDZlXkEyXkFqcGc@._V1_.jpg
Captain America:The Winter Soldier,https://m.media-amazon.com/images/M/MV5BNWY1NjFmNDItZDhmOC00NjI1LWE0ZDItMTM0MjBjZThiOTQ2XkEyXkFqcGc@._V1_.jpg
Captain Marvel,https://m.media-amazon.com/images/M/MV5BZDI1NGU2ODAtNzBiNy00MWY5LWIyMGEtZjUxZjUwZmZiNjBlXkEyXkFqcGc@._V1_.jpg
Casino Royale,https://m.media-amazon.com/images/M/MV5BMDI5ZWJhOWItYTlhOC00YWNhLTlkNzctNDU5YTI1M2E1MWZhXkEyXkFqcGdeQXVyNTIzOTk5ODM@._V1_.jpg
Catch Me If You Can,https://m.media-amazon.com/images/M/MV5BMTY5MzYzNjc5NV5BMl5BanBnXkFtZTYwNTUyNTc2._V1_.jpg
Chef,https://m.media-amazon.com/images/M/MV5BYTQyNDQwMjYtZTY5YS00MGU2LWE5NzctMjM4Y2IyYjkwMjNkXkEyXkFqcGdeQXVyMTY5Nzc4MDY@._V1_.jpg
Cloudy With A Chance of Meatballs,https://m.media-amazon.com/images/M/MV5BMTg0MjAwNDI5MV5BMl5BanBnXkFtZTcwODkyMzg2Mg@@._V1_.jpg
Clueless,https://m.media-amazon.com/images/M/MV5BMTgwYjQ1NDktOTcwNi00MWZhLTliYWQtZDg5NjZhY2U5ZTNlXkEyXkFqcGc@._V1_.jpg
Crimson Tide,https://m.media-amazon.com/images/M/MV5BMmFkY2IxNTAtMWRiNS00MWU2LWI1NDYtY2YxYTQyYTk5OTBhXkEyXkFqcGdeQXVyNDk3NzU2MTQ@._V1_.jpg
Dave Made a Maze,https://m.media-amazon.com/images/M/MV5BZWYwOTgyYzQtYjdjZC00ZGE4LWExM2ItZTczZGEzMDY4OTU0XkEyXkFqcGdeQXVyMTY2NTQ3ODc@._V1_.jpg
Deadpool,https://m.media-amazon.com/images/M/MV5BYzE5MjY1ZDgtMTkyNC00MTMyLThhMjAtZGI5OTE1NzFlZGJjXkEyXkFqcGdeQXVyNjU0OTQ0OTY@._V1_.jpg
Deadpool & Wolverine,https://m.media-amazon.com/images/M/MV5BZTk5ODY0MmQtMzA3Ni00NGY1LThiYzItZThiNjFiNDM4MTM3XkEyXkFqcGc@._V1_.jpg
Deadpool 2,https://m.media-amazon.com/images/M/MV5BNGY3N2ZhYmMtYTlmYi00ZWIzLWJiZWMtMjgxMjljYTk3MDAwXkEyXkFqcGc@._V1_.jpg
Despicable Me,https://m.media-amazon.com/images/M/MV5BMTY3NjY0MTQ0Nl5BMl5BanBnXkFtZTcwMzQ2MTc0Mw@@._V1_.jpg
Doctor Strange in the Multiverse of Madness,https://m.media-amazon.com/images/M/MV5BN2YxZGRjMzYtZjE1ZC00MDI0LThjZmQtZTZmMzVmMmQ2NzBmXkEyXkFqcGc@._V1_.jpg
Dr. Horrible's Sing Along Blog,https://m.media-amazon.com/images/M/MV5BOWZiNjY1YjQtMWE1Yy00YmNjLThiYWUtZjUwNmM0ZGRlM2QzXkEyXkFqcGc@._V1_.jpg
Dune,https://m.media-amazon.com/images/M/MV5BN2FjNmEyNWMtYzM0ZS00NjIyLTg5YzYtYThlMGVjNzE1OGViXkEyXkFqcGdeQXVyMTkxNjUyNQ@@._V1_.jpg
Dune: Part Two,https://m.media-amazon.com/images/M/MV5BNTc0YmQxMjEtODI5MC00NjFiLTlkMWUtOGQ5NjFmYWUyZGJhXkEyXkFqcGc@._V1_.jpg
Dungeons & Dragons: Honor Among Thieves,https://m.media-amazon.com/images/M/MV5BOGRjMjQ0ZDAtODc0OS00MGY1LTkxMTMtODhhNjY5NTM4N2IwXkEyXkFqcGc@._V1_.jpg
E.T. the Extra-Terrestrial,https://m.media-amazon.com/images/M/MV5BMTQ2ODFlMDAtNzdhOC00ZDYzLWE3YTMtNDU4ZGFmZmJmYTczXkEyXkFqcGdeQXVyMTQxNzMzNDI@._V1_.jpg
Edge of Tomorrow,https://m.media-amazon.com/images/M/MV5BMTc5OTk4MTM3M15BMl5BanBnXkFtZTgwODcxNjg3MDE@._V1_.jpg
Elemental,https://m.media-amazon.com/images/M/MV5BNjU2MjE1OGItZjdmYS00ZmIyLTljNjYtOWI5ZGRkZjM4NDEwXkEyXkFqcGc@._V1_.jpg
Elf,https://m.media-amazon.com/images/M/MV5BMzUxNzkzMzQtYjIxZC00NzU0LThkYTQtZjNhNTljMTA1MDA1L2ltYWdlL2ltYWdlXkEyXkFqcGdeQXVyMTMxODk2OTU@._V1_.jpg
Encanto,https://m.media-amazon.com/images/M/MV5BOTY1YmU1ZTItMzNjZC00ZGU0LTk0MTEtZDgzN2QwOWVlNjZhXkEyXkFqcGc@._V1_.jpg
Enchanted,https://m.media-amazon.com/images/M/MV5BMjE4NDQ2Mjc0OF5BMl5BanBnXkFtZTcwNzQ2NDE1MQ@@._V1_.jpg
Eternals,https://m.media-amazon.com/images/M/MV5BZTBiZjI2M2UtZTNiNy00NmU4LWJiMjYtZjk4MDIzMzhlMjFlXkEyXkFqcGc@._V1_.jpg
Everything Everywhere All at Once,https://m.media-amazon.com/images/M/MV5BOWNmMzAzZmQtNDQ1NC00Nzk5LTkyMmUtNGI2N2NkOWM4MzEyXkEyXkFqcGc@._V1_.jpg
Fantastic Four,https://m.media-amazon.com/images/M/MV5BNWU1ZjFjMTctYjA5ZC00YTBkLTkzZjUtZWEyMjgxY2MxYWM4XkEyXkFqcGdeQXVyMTQxNzMzNDI@._V1_.jpg
Ferris Bueller's Day Off,https://m.media-amazon.com/images/M/MV5BZWYwMjUxNjMtMzE0MC00NDM3LWIxMmQtYmEyNWVjNjdlZGZjXkEyXkFqcGc@._V1_.jpg
Field of Dreams,https://m.media-amazon.com/images/M/MV5BNzk5OWY0YjAtYWU3ZS00Y2Q4LWFlNjItMzgwMTQ2MjIyMDFmL2ltYWdlL2ltYWdlXkEyXkFqcGdeQXVyMTQxNzMzNDI@._V1_.jpg
Free Guy,https://m.media-amazon.com/images/M/MV5BN2I0MGMxYjUtZTZiMS00MzMxLTkzNWYtMDUyZmUwY2ViYTljXkEyXkFqcGc@._V1_.jpg
Frozen,https://m.media-amazon.com/images/M/MV5BMTQ1MjQwMTE5OF5BMl5BanBnXkFtZTgwNjk3MTcyMDE@._V1_.jpg
Frozen II,https://m.media-amazon.com/images/M/MV5BZTE1YjlmZjctNjIwNi00NDQ0LTlmMzgtYWZkY2RkZTMwNTdmXkEyXkFqcGc@._V1_.jpg
Galaxy Quest,https://m.media-amazon.com/images/M/MV5BNmZlNTY5YjQtZTU5ZC00MzcyLWI1NDMtNjA0ZjQxMmQwYjJmL2ltYWdlXkEyXkFqcGdeQXVyNTAyODkwOQ@@._V1_.jpg
Game Night,https://m.media-amazon.com/images/M/MV5BMjI3ODkzNDk5MF5BMl5BanBnXkFtZTgwNTEyNjY2NDM@._V1_.jpg
Get Out,https://m.media-amazon.com/images/M/MV5BMjUxMDQwNjcyNl5BMl5BanBnXkFtZTgwNzcwMzc0MTI@._V1_.jpg
Gladiator,https://m.media-amazon.com/images/M/MV5BMDliMmNhNDEtODUyOS00MjNlLTgxODEtN2U3NzIxMGVkZTA1L2ltYWdlXkEyXkFqcGdeQXVyNjU0OTQ0OTY@._V1_.jpg
Glass Onion,https://m.media-amazon.com/images/M/MV5BMzI2ZDYxZTEtMzVlOC00OTUyLTgyNTAtYWFhNmRhZjAzZWE1XkEyXkFqcGc@._V1_.jpg
Goldfinger,https://m.media-amazon.com/images/M/MV5BMTQ2MzE0OTU3NV5BMl5BanBnXkFtZTcwNjQxNTgzNA@@._V1_.jpg
Groundhog Day,https://m.media-amazon.com/images/M/MV5BZWIxNzM5YzQtY2FmMS00Yjc3LWI1ZjUtNGVjMjMzZTIxZTIxXkEyXkFqcGdeQXVyNjU0OTQ0OTY@._V1_.jpg
Guardians of the Galaxy,https://m.media-amazon.com/images/M/MV5BM2ZmNjQ2MzAtNDlhNi00MmQyLWJhZDMtNmJiMjFlOWY4MzcxXkEyXkFqcGc@._V1_.jpg
Guardians of the Galaxy Vol. 2,https://m.media-amazon.com/images/M/MV5BNjM0NTc0NzItM2FlYS00YzEwLWE0YmUtNTA2ZWIzODc2OTgxXkEyXkFqcGdeQXVyNTgwNzIyNzg@._V1_.jpg
Guardians of the Galaxy Vol. 3,https://m.media-amazon.com/images/M/MV5BOTJhOTMxMmItZmE0Ny00MDc3LWEzOGEtOGFkMzY4MWYyZDQ0XkEyXkFqcGc@._V1_.jpg
High School Musical,https://m.media-amazon.com/images/M/MV5BNzA2MmIxYWUtOGRiYi00ZTVkLWE4YTQtY2MyN2I5ZmRmOTBjXkEyXkFqcGc@._V1_.jpg
High School Musical 2,https://m.media-amazon.com/images/M/MV5BNjI5ODI4NTc1MF5BMl5BanBnXkFtZTgwMDg3ODYzMjE@._V1_.jpg
High School Musical 3: Senior Year,https://m.media-amazon.com/images/M/MV5BNDE1NjU2NTMyNV5BMl5BanBnXkFtZTcwMTg3NDA3MQ@@._V1_.jpg
Holes,https://m.media-amazon.com/images/M/MV5BMTg0MTU5ODkwM15BMl5BanBnXkFtZTYwMzgxNzY3._V1_.jpg
How to Train Your Dragon,https://m.media-amazon.com/images/M/MV5BMjA5NDQyMjc2NF5BMl5BanBnXkFtZTcwMjg5ODcyMw@@._V1_.jpg
How to Train Your Dragon 2,https://m.media-amazon.com/images/M/MV5BMzMwMTAwODczN15BMl5BanBnXkFtZTgwMDk2NDA4MTE@._V1_.jpg
Howl's Moving Castle,https://m.media-amazon.com/images/M/MV5BMTY1OTg0MjE3MV5BMl5BanBnXkFtZTcwNTUxMTkyMQ@@._V1_.jpg
Inception,https://m.media-amazon.com/images/M/MV5BMjAxMzY3NjcxNF5BMl5BanBnXkFtZTcwNTI5OTM0Mw@@._V1_.jpg
Incredibles 2,https://m.media-amazon.com/images/M/MV5BMTEzNzY0OTg0NTdeQTJeQWpwZ15BbWU4MDU3OTg3MjUz._V1_.jpg
Indiana Jones: Raiders of the Lost Ark,https://m.media-amazon.com/images/M/MV5BOGNhMjg2ZjgtYzk4Ni00MTViLTg1MmUtYzM2MDZiYjZlMmU3XkEyXkFqcGc@._V1_.jpg
Inglourious Basterds,https://m.media-amazon.com/images/M/MV5BOTJiNDEzOWYtMTVjOC00ZjlmLWE0NGMtZmE1OWVmZDQ2OWJhXkEyXkFqcGdeQXVyNTIzOTk5ODM@._V1_.jpg
Iron Man,https://m.media-amazon.com/images/M/MV5BMTczNTI2ODUwOF5BMl5BanBnXkFtZTcwMTU0NTIzMw@@._V1_.jpg
Iron Man 2,https://m.media-amazon.com/images/M/MV5BYWYyOGQzOGYtMGQ1My00ZWYxLTgzZjktZWYzN2IwYjkxYzM0XkEyXkFqcGc@._V1_.jpg
Iron Man 3,https://m.media-amazon.com/images/M/MV5BMjIzMzAzMjQyM15BMl5BanBnXkFtZTcwNzM2NjcyOQ@@._V1_.jpg
Isle of Dogs,https://m.media-amazon.com/images/M/MV5BZTVmZWFmYWYtZTY1NC00Yjg5LTkxZGItZjhiYTExNTExNjA3XkEyXkFqcGc@._V1_.jpg
Jaws,https://m.media-amazon.com/images/M/MV5BMmVmODY1MzEtYTMwZC00MzNhLWFkNDMtZjAwM2EwODUxZTA5XkEyXkFqcGdeQXVyNTAyODkwOQ@@._V1_.jpg
John Mulaney: Kid Gorgeous at Radio City,https://m.media-amazon.com/images/M/MV5BYjc1MDk3NDMtZDU0ZS00NmM3LWJiNjYtNTM3ZDg1ZTQyYTg3XkEyXkFqcGc@._V1_.jpg
John Mulaney: New In Town,https://m.media-amazon.com/images/M/MV5BMjIzNzg5NTA2M15BMl5BanBnXkFtZTgwOTY4NjA2MDE@._V1_.jpg
John Mulaney: The Comeback Kid,https://m.media-amazon.com/images/M/MV5BMzA3NjgyNDMtMTFkMS00Zjg4LWI0N2UtZGU2ODE4OTA0M2YyXkEyXkFqcGc@._V1_.jpg
John Wick,https://m.media-amazon.com/images/M/MV5BMTU2NjA1ODgzMF5BMl5BanBnXkFtZTgwMTM2MTI4MjE@._V1_.jpg
Joker,https://m.media-amazon.com/images/M/MV5BNzY3OWQ5NDktNWQ2OC00ZjdlLThkMmItMDhhNDk3NTFiZGU4XkEyXkFqcGc@._V1_.jpg
Justice League,https://m.media-amazon.com/images/M/MV5BMjM5YmQxM2YtZjI2Yy00YjhhLTg5N2MtMTEyMzdlZDU3OTVhXkEyXkFqcGc@._V1_.jpg
Kick-Ass,https://m.media-amazon.com/images/M/MV5BMTMzNzEzMDYxM15BMl5BanBnXkFtZTcwMTc0NTMxMw@@._V1_.jpg
Knives Out,https://m.media-amazon.com/images/M/MV5BZDU5ZTRkYmItZjg0Mi00ZTQwLThjMWItNWM3MTMxMzVjZmVjXkEyXkFqcGc@._V1_.jpg
Legally Blonde,https://m.media-amazon.com/images/M/MV5BNTEyNjUwMTkxMV5BMl5BanBnXkFtZTcwNjk0NDk0NA@@._V1_.jpg
Limitless,https://m.media-amazon.com/images/M/MV5BMWQ4OTQ4YzYtODlmMi00ZjA0LTg5M2QtZWUzNjA5N2NmODE5XkEyXkFqcGc@._V1_.jpg
Logan,https://m.media-amazon.com/images/M/MV5BYzc5MTU4N2EtYTkyMi00NjdhLTg3NWEtMTY4OTEyMzJhZTAzXkEyXkFqcGdeQXVyNjc1NTYyMjg@._V1_.jpg
Mad Max Fury Road,https://m.media-amazon.com/images/M/MV5BZDRkODJhOTgtOTc1OC00NTgzLTk4NjItNDgxZDY4YjlmNDY2XkEyXkFqcGc@._V1_.jpg
Man of Steel,https://m.media-amazon.com/images/M/MV5BMTk5ODk1NDkxMF5BMl5BanBnXkFtZTcwNTA5OTY0OQ@@._V1_.jpg
Mean Girls,https://m.media-amazon.com/images/M/MV5BMjE1MDQ4MjI1OV5BMl5BanBnXkFtZTcwNzcwODAzMw@@._V1_.jpg
Megamind,https://m.media-amazon.com/images/M/MV5BMTAzMzI0NTMzNDBeQTJeQWpwZ15BbWU3MDM3NTAyOTM@._V1_.jpg
Memento,https://m.media-amazon.com/images/M/MV5BZTcyNjk1MjgtOWI3Mi00YzQwLWI5MTktMzY4ZmI2NDAyNzYzXkEyXkFqcGdeQXVyNjU0OTQ0OTY@._V1_.jpg
Men in Black,https://m.media-amazon.com/images/M/MV5BZmQ0YTdhYzEtMjIxZC00MGFiLTlmNjktZmFlOWE2M2QxOTRhXkEyXkFqcGc@._V1_.jpg
Mission: Impossible,https://m.media-amazon.com/images/M/MV5BOGZjNDlkMTYtMTJkZi00OTkzLWI4NDEtYTA2ODQyMjcwYTdlXkEyXkFqcGc@._V1_.jpg
Mission: Impossible - Dead Reckoning Part One,https://m.media-amazon.com/images/M/MV5BN2U4OTdmM2QtZTkxYy00ZmQyLTg2N2UtMDdmMGJmNDhlZDU1XkEyXkFqcGc@._V1_.jpg
Mission: Impossible - Fallout,https://m.media-amazon.com/images/M/MV5BMTk3NDY5MTU0NV5BMl5BanBnXkFtZTgwNDI3MDE1NTM@._V1_.jpg
Mission: Impossible - Ghost Protocol,https://m.media-amazon.com/images/M/MV5BMTY4MTUxMjQ5OV5BMl5BanBnXkFtZTcwNTUyMzg5Ng@@._V1_.jpg
Mission: Impossible - Rogue Nation,https://m.media-amazon.com/images/M/MV5BZjUwZjg2ZjAtY2RhZi00YmZjLTlhNGQtOWQwNDk1MjhhM2NhXkEyXkFqcGc@._V1_.jpg
Mission: Impossible II,https://m.media-amazon.com/images/M/MV5BYWFjM2NhMTAtNDU1My00ODUxLTkwMzYtODQzNzM0ODM0ZWQ0XkEyXkFqcGc@._V1_.jpg
Mission: Impossible III,https://m.media-amazon.com/images/M/MV5BNzY1MzdjMjYtNDJiZS00N2U4LWI0MWQtZTRiZWYxMzU3ZmI4XkEyXkFqcGc@._V1_.jpg
Moana,https://m.media-amazon.com/images/M/MV5BMjI4MzU5NTExNF5BMl5BanBnXkFtZTgwNzY1MTEwMDI@._V1_.jpg
My Cousin Vinny,https://m.media-amazon.com/images/M/MV5BMTQxNDYzMTg1M15BMl5BanBnXkFtZTgwNzk4MDgxMTE@._V1_.jpg
National Lampoon's Christmas Vacation,https://m.media-amazon.com/images/M/MV5BZDgxYzI2YWItNmUyNS00ZWE4LWEzZDctYTk1M2VkYjhkOWVmXkEyXkFqcGc@._V1_.jpg
Nobody,https://m.media-amazon.com/images/M/MV5BYmIzOWViNDEtOWRiZS00ZWM4LWFiMmEtNGJjMmQ3NTIxN2U0XkEyXkFqcGc@._V1_.jpg
Nope,https://m.media-amazon.com/images/M/MV5BODRlNWRhZWUtMzdlZC00ZDIyLWFhZjMtYTcxNjI1ZDIwODhjXkEyXkFqcGc@._V1_.jpg
Now You See Me,https://m.media-amazon.com/images/M/MV5BMTY0NDY3MDMxN15BMl5BanBnXkFtZTcwOTM5NzMzOQ@@._V1_.jpg
Ocean's Eleven,https://m.media-amazon.com/images/M/MV5BYzVmYzVkMmUtOGRhMi00MTNmLThlMmUtZTljYjlkMjNkMjJkXkEyXkFqcGdeQXVyNDk3NzU2MTQ@._V1_.jpg
ParaNorman,https://m.media-amazon.com/images/M/MV5BZTI0MjA3M2ItY2QzMS00MzZiLWE5YTAtM2ZlODk1MjBhNjA0XkEyXkFqcGc@._V1_.jpg
Parasite,https://m.media-amazon.com/images/M/MV5BYjk1Y2U4MjQtY2ZiNS00OWQyLWI3MmYtZWUwNmRjYWRiNWNhXkEyXkFqcGc@._V1_.jpg
Peter Pan Goes Wrong,https://m.media-amazon.com/images/M/MV5BMTM0ZmRkNTYtMjIwOC00MWNiLWJhMzktYjMyYTExNGZkOWMyXkEyXkFqcGc@._V1_.jpg
Pirates of the Caribbean: At World's End,https://m.media-amazon.com/images/M/MV5BMjIyNjkxNzEyMl5BMl5BanBnXkFtZTYwMjc3MDE3._V1_.jpg
Pirates of the Caribbean: Curse of the Black Pearl,https://m.media-amazon.com/images/M/MV5BNDhlMzEyNzItMTA5Mi00YWRhLThlNTktYTQyMTA0MDIyNDEyXkEyXkFqcGc@._V1_.jpg
Pirates of the Caribbean: Dead Man's Chest,https://m.media-amazon.com/images/M/MV5BMTcwODc1MTMxM15BMl5BanBnXkFtZTYwMDg1NzY3._V1_.jpg
Real Steel,https://m.media-amazon.com/images/M/MV5BMjEzMzEzNjg0N15BMl5BanBnXkFtZTcwMzg4NDk0Ng@@._V1_.jpg
Return of the Jedi,https://m.media-amazon.com/images/M/MV5BOWZlMjFiYzgtMTUzNC00Y2IzLTk1NTMtZmNhMTczNTk0ODk1XkEyXkFqcGdeQXVyNTAyODkwOQ@@._V1_.jpg
Robin Hood: Men in Tights,https://m.media-amazon.com/images/M/MV5BY2ZkMGU1OGUtZTJlOS00MmE5LWIxZjQtYWRlZDljMGJkMTZmXkEyXkFqcGc@._V1_.jpg
Rogue One: A Star Wars Story,https://m.media-amazon.com/images/M/MV5BMjEwMzMxODIzOV5BMl5BanBnXkFtZTgwNzg3OTAzMDI@._V1_.jpg
School of Rock,https://m.media-amazon.com/images/M/MV5BMjEwOTMzNjYzMl5BMl5BanBnXkFtZTcwNjczMTQyMQ@@._V1_.jpg
Scooby Doo 2: Monsters Unleashed,https://m.media-amazon.com/images/M/MV5BMjEzNzk3NTE1Ml5BMl5BanBnXkFtZTYwODM1MTU3._V1_.jpg
Scooby-Doo,https://m.media-amazon.com/images/M/MV5BMTg4MzMzMTY0OF5BMl5BanBnXkFtZTYwNzM3MTg2._V1_.jpg
Scooby-Doo! and the Witch's Ghost,https://m.media-amazon.com/images/M/MV5BZGU0NmFiYTMtMDE0MC00OGY2LThmMjQtMDU0YWUwMDc5MDNiXkEyXkFqcGc@._V1_.jpg
Scott Pilgrim vs. the World,https://m.media-amazon.com/images/M/MV5BNTA5ZWMwNmYtNWI1ZS00NDRlLTkxNzktMzdhZDU2ZDhjNDJmXkEyXkFqcGc@._V1_.jpg
Set It Up,https://m.media-amazon.com/images/M/MV5BMTk0MDUyMzA1OF5BMl5BanBnXkFtZTgwNzA4NzE1NTM@._V1_.jpg
Shang-Chi and the Legend of the Ten Rings,https://m.media-amazon.com/images/M/MV5BZmY5MDcyNzAtYzg3MC00MGNlLTg3OGItNmRjYThkZGVlNzAyXkEyXkFqcGc@._V1_.jpg
Shaun of the Dead,https://m.media-amazon.com/images/M/MV5BNzNjZGE4YTUtOWU3OC00Mzg2LThjNWItMzUwYzEwMDgxYmVjXkEyXkFqcGc@._V1_.jpg
Silver Linings Playbook,https://m.media-amazon.com/images/M/MV5BMTM2MTI5NzA3MF5BMl5BanBnXkFtZTcwODExNTc0OA@@._V1_FMjpg_UY474_.jpg
Sleepless in Seattle,https://m.media-amazon.com/images/M/MV5BMzYwNzNlYWEtY2NiMC00Y2ZkLWFmYzUtYWU4ZTQ5YTAyNTZmXkEyXkFqcGc@._V1_.jpg
Spider-Man,https://m.media-amazon.com/images/M/MV5BZDEyN2NhMjgtMjdhNi00MmNlLWE5YTgtZGE4MzNjMTRlMGEwXkEyXkFqcGdeQXVyNDUyOTg3Njg@._V1_.jpg
Spider-Man 2,https://m.media-amazon.com/images/M/MV5BMzY2ODk4NmUtOTVmNi00ZTdkLTlmOWYtMmE2OWVhNTU2OTVkXkEyXkFqcGdeQXVyMTQxNzMzNDI@._V1_.jpg
Spider-Man 3,https://m.media-amazon.com/images/M/MV5BYTk3MDljOWQtNGI2My00OTEzLTlhYjQtOTQ4ODM2MzUwY2IwXkEyXkFqcGdeQXVyNTIzOTk5ODM@._V1_.jpg
Spider-Man: Across the Spider-Verse,https://m.media-amazon.com/images/M/MV5BNThiZjA3MjItZGY5Ni00ZmJhLWEwN2EtOTBlYTA4Y2E0M2ZmXkEyXkFqcGc@._V1_.jpg
Spider-Man: Far From Home,https://m.media-amazon.com/images/M/MV5BMGZlNTY1ZWUtYTMzNC00ZjUyLWE0MjQtMTMxN2E3ODYxMWVmXkEyXkFqcGdeQXVyMDM2NDM2MQ@@._V1_.jpg
Spider-Man: Homecoming,https://m.media-amazon.com/images/M/MV5BNTk4ODQ1MzgzNl5BMl5BanBnXkFtZTgwMTMyMzM4MTI@._V1_.jpg
Spider-Man: Into the Spider-Verse,https://m.media-amazon.com/images/M/MV5BMjMwNDkxMTgzOF5BMl5BanBnXkFtZTgwNTkwNTQ3NjM@._V1_.jpg
Spider-Man: No Way Home,https://m.media-amazon.com/images/M/MV5BZWMyYzFjYTYtNTRjYi00OGExLWE2YzgtOGRmYjAxZTU3NzBiXkEyXkFqcGdeQXVyMzQ0MzA0NTM@._V1_.jpg
Star Trek (2009),https://m.media-amazon.com/images/M/MV5BMjE5NDQ5OTE4Ml5BMl5BanBnXkFtZTcwOTE3NDIzMw@@._V1_.jpg
Star Trek II: The Wrath of Khan,https://m.media-amazon.com/images/M/MV5BNmZiZmM2OTUtZDlmOC00YzYyLThkMGEtZWFkMjJmM2EwZDVkXkEyXkFqcGdeQXVyMjUzOTY1NTc@._V1_.jpg
Star Wars,https://m.media-amazon.com/images/M/MV5BOTA5NjhiOTAtZWM0ZC00MWNhLThiMzEtZDFkOTk2OTU1ZDJkXkEyXkFqcGdeQXVyMTA4NDI1NTQx._V1_.jpg
Star Wars: Episode I - The Phantom Menace,https://m.media-amazon.com/images/M/MV5BODVhNGIxOGItYWNlMi00YTA0LWI3NTctZmQxZGUwZDEyZWI4XkEyXkFqcGc@._V1_.jpg
Star Wars: Episode II - Attack of the Clones,https://m.media-amazon.com/images/M/MV5BNTgxMjY2YzUtZmVmNC00YjAwLWJlODMtNDBhNzllNzIzMjgxXkEyXkFqcGc@._V1_.jpg
Star Wars: Episode III - Revenge of the Sith,https://m.media-amazon.com/images/M/MV5BNTc4MTc3NTQ5OF5BMl5BanBnXkFtZTcwOTg0NjI4NA@@._V1_.jpg
Star Wars: The Force Awakens,https://m.media-amazon.com/images/M/MV5BOTAzODEzNDAzMl5BMl5BanBnXkFtZTgwMDU1MTgzNzE@._V1_.jpg
Star Wars: The Last Jedi,https://m.media-amazon.com/images/M/MV5BMjQ1MzcxNjg4N15BMl5BanBnXkFtZTgwNzgwMjY4MzI@._V1_.jpg
Star Wars: The Rise of Skywalker,https://m.media-amazon.com/images/M/MV5BODg5ZTNmMTUtYThlNy00NjljLWE0MGUtYmQ1NDg4NWU5MjQ1XkEyXkFqcGc@._V1_.jpg
Suicide Squad,https://m.media-amazon.com/images/M/MV5BMjM1OTMxNzUyM15BMl5BanBnXkFtZTgwNjYzMTIzOTE@._V1_.jpg
Superman: Red Son,https://m.media-amazon.com/images/M/MV5BNGM0YTQ3MzktZWQ0Mi00MWNhLWJlYTQtOGYxYzhmMDBmMzA0XkEyXkFqcGc@._V1_.jpg
Tangled,https://m.media-amazon.com/images/M/MV5BMTAxNDYxMjg0MjNeQTJeQWpwZ15BbWU3MDcyNTk2OTM@._V1_.jpg
Terminator 2: Judgement Day,https://m.media-amazon.com/images/M/MV5BNGMyMGNkMDUtMjc2Ni00NWFlLTgyODEtZTY2MzBiZTg0OWZiXkEyXkFqcGc@._V1_.jpg
Thank You for Smoking,https://m.media-amazon.com/images/M/MV5BMTI2MDk5MjE4NV5BMl5BanBnXkFtZTYwMjkwNTU3._V1_.jpg
The Adjustment Bureau,https://m.media-amazon.com/images/M/MV5BMTU3ODg3MDAxMl5BMl5BanBnXkFtZTcwMjc0MDMzNA@@._V1_.jpg
The Adventures of Buckaroo Banzai Across the 8th Dimension,https://m.media-amazon.com/images/M/MV5BMDc0M2Q1MGUtNWQzMC00NTg0LWE1ZWQtYjk3YmY2ZTk2MDgxXkEyXkFqcGc@._V1_.jpg
The Amazing Spider-Man,https://m.media-amazon.com/images/M/MV5BMjMyOTM4MDMxNV5BMl5BanBnXkFtZTcwNjIyNzExOA@@._V1_.jpg
The Amazing Spider-Man 2,https://m.media-amazon.com/images/M/MV5BOTA5NDYxNTg0OV5BMl5BanBnXkFtZTgwODE5NzU1MTE@._V1_.jpg
The Avengers,https://m.media-amazon.com/images/M/MV5BNGE0YTVjNzUtNzJjOS00NGNlLTgxMzctZTY4YTE1Y2Y1ZTU4XkEyXkFqcGc@._V1_.jpg
The Batman,https://m.media-amazon.com/images/M/MV5BMmU5NGJlMzAtMGNmOC00YjJjLTgyMzUtNjAyYmE4Njg5YWMyXkEyXkFqcGc@._V1_.jpg
The Birds,https://m.media-amazon.com/images/M/MV5BMTAxNDA1ODc5MDleQTJeQWpwZ15BbWU4MDg2MDA4OTEx._V1_.jpg
The Book of Life,https://m.media-amazon.com/images/M/MV5BMTkzOTgzNDYzOF5BMl5BanBnXkFtZTgwOTgxMTkyMjE@._V1_.jpg
The Dark Knight,https://m.media-amazon.com/images/M/MV5BMTMxNTMwODM0NF5BMl5BanBnXkFtZTcwODAyMTk2Mw@@._V1_.jpg
The Devil Wears Prada,https://m.media-amazon.com/images/M/MV5BZjQ3ZTIzOTItMGNjNC00MWRmLWJlMGEtMjJmMDM5ZDIzZGM3XkEyXkFqcGdeQXVyMTkzODUwNzk@._V1_.jpg
The Disaster Artist,https://m.media-amazon.com/images/M/MV5BMmZlMjUxZDktNGNjYS00NmI2LWFhYTAtOGY2MjQwNTM1M2U4XkEyXkFqcGc@._V1_.jpg
The Empire Strikes Back,https://m.media-amazon.com/images/M/MV5BYmU1NDRjNDgtMzhiMi00NjZmLTg5NGItZDNiZjU5NTU4OTE0XkEyXkFqcGdeQXVyNzkwMjQ5NzM@._V1_.jpg
The Fall Guy,https://m.media-amazon.com/images/M/MV5BM2U0MTJiYTItMjNiZS00MzU4LTkxYTAtYTU0ZGY1ODJhMjRhXkEyXkFqcGc@._V1_.jpg
The Fifth Element,https://m.media-amazon.com/images/M/MV5BZWFjYmZmZGQtYzg4YS00ZGE5LTgwYzAtZmQwZjQ2NDliMGVmXkEyXkFqcGdeQXVyNTUyMzE4Mzg@._V1_.jpg
The Game,https://m.media-amazon.com/images/M/MV5BZGVmMDNmYmEtNGQ2Mi00Y2ZhLThhZTYtYjE5YmQzMjZiZGMxXkEyXkFqcGdeQXVyNDk3NzU2MTQ@._V1_.jpg
The Godfather,https://m.media-amazon.com/images/M/MV5BM2MyNjYxNmUtYTAwNi00MTYxLWJmNWYtYzZlODY3ZTk3OTFlXkEyXkFqcGdeQXVyNzkwMjQ5NzM@._V1_.jpg
The Great Train Robbery,https://m.media-amazon.com/images/M/MV5BOWE4M2UwNWEtODFjOS00M2JiLTlhOGQtNTljZjI5ZTZlM2MzXkEyXkFqcGdeQXVyNjUwNzk3NDc@._V1_.jpg
The Hobbit: An Unexpected Journey,https://m.media-amazon.com/images/M/MV5BMTcwNTE4MTUxMl5BMl5BanBnXkFtZTcwMDIyODM4OA@@._V1_.jpg
The Imitation Game,https://m.media-amazon.com/images/M/MV5BNjI3NjY1Mjg3MV5BMl5BanBnXkFtZTgwMzk5MDQ3MjE@._V1_.jpg
The Incredibles,https://m.media-amazon.com/images/M/MV5BMTY5OTU0OTc2NV5BMl5BanBnXkFtZTcwMzU4MDcyMQ@@._V1_.jpg
The Iron Giant,https://m.media-amazon.com/images/M/MV5BMjIxNDU2Njk0OV5BMl5BanBnXkFtZTgwODc3Njc3NjE@._V1_.jpg
The Karate Kid,https://m.media-amazon.com/images/M/MV5BNTkzY2YzNmYtY2ViMS00MThiLWFlYTEtOWQ1OTBiOGEwMTdhXkEyXkFqcGdeQXVyMTQxNzMzNDI@._V1_.jpg
The Lego Batman Movie,https://m.media-amazon.com/images/M/MV5BMTcyNTEyOTY0M15BMl5BanBnXkFtZTgwOTAyNzU3MDI@._V1_.jpg
The Lord of the Rings: The Fellowship of the Ring,https://m.media-amazon.com/images/M/MV5BNzIxMDQ2YTctNDY4MC00ZTRhLTk4ODQtMTVlOWY4NTdiYmMwXkEyXkFqcGc@._V1_.jpg
The Lord of the Rings: The Return of the King,https://m.media-amazon.com/images/M/MV5BMTZkMjBjNWMtZGI5OC00MGU0LTk4ZTItODg2NWM3NTVmNWQ4XkEyXkFqcGc@._V1_.jpg
The Lord of the Rings: The Two Towers,https://m.media-amazon.com/images/M/MV5BMGQxMDdiOWUtYjc1Ni00YzM1LWE2NjMtZTg3Y2JkMjEzMTJjXkEyXkFqcGc@._V1_.jpg
The Man from U.N.C.L.E,https://m.media-amazon.com/images/M/MV5BMDFjN2NlOGItYjZiZi00OThhLTlhYWUtYjgyNWFjMWJlNGU4XkEyXkFqcGc@._V1_.jpg
The Martian,https://m.media-amazon.com/images/M/MV5BMTc2MTQ3MDA1Nl5BMl5BanBnXkFtZTgwODA3OTI4NjE@._V1_.jpg
The Mask,https://m.media-amazon.com/images/M/MV5BOWExYjI5MzktNTRhNi00Nzg2LThkZmQtYWVkYjRlYWI2MDQ4XkEyXkFqcGdeQXVyNTAyODkwOQ@@._V1_.jpg
The Matrix,https://m.media-amazon.com/images/M/MV5BNzQzOTk3OTAtNDQ0Zi00ZTVkLWI0MTEtMDllZjNkYzNjNTc4L2ltYWdlXkEyXkFqcGdeQXVyNjU0OTQ0OTY@._V1_.jpg
The Muppet Movie,https://m.media-amazon.com/images/M/MV5BMGQ0OGM5YjItYzYyMi00NmVmLWI3ODMtMTY2NGRkZmI5MWU2XkEyXkFqcGdeQXVyMzI0NDc4ODY@._V1_.jpg
The Naked Gun: From the Files of Police Squad,https://m.media-amazon.com/images/M/MV5BZTI5N2I1MjAtNTc0Yy00ZDIyLThkZTctMGQ5NTBhNjIwMWQ0XkEyXkFqcGc@._V1_.jpg
The Natural,https://m.media-amazon.com/images/M/MV5BZGU5NDU4ZTctYjE2YS00NTUxLWIzMTAtMTMxNTgxODAzNDI5XkEyXkFqcGdeQXVyMTAwMzUyOTc@._V1_.jpg
The Nightmare Before Christmas,https://m.media-amazon.com/images/M/MV5BNmYxOTAzZWYtOGI3Yi00ODc3LTk5ZjYtZTY0MzVkZTg3YmRiXkEyXkFqcGc@._V1_.jpg
The Prestige,https://m.media-amazon.com/images/M/MV5BMjA4NDI0MTIxNF5BMl5BanBnXkFtZTYwNTM0MzY2._V1_.jpg
The Princess Bride,https://m.media-amazon.com/images/M/MV5BMGM4M2Q5N2MtNThkZS00NTc1LTk1NTItNWEyZjJjNDRmNDk5XkEyXkFqcGdeQXVyMjA0MDQ0Mjc@._V1_.jpg
The Rocketeer,https://m.media-amazon.com/images/M/MV5BMmQyMzk5NTAtMmIzNy00MDVjLWExNWQtOWFmZmU0NGVmODEyXkEyXkFqcGc@._V1_.jpg
The Room,https://m.media-amazon.com/images/M/MV5BYmNkMThiODYtZTAzMC00ODJkLTg5MmEtMWIyMGFlZDlkYmNlXkEyXkFqcGc@._V1_.jpg
The Silence of the Lambs,https://m.media-amazon.com/images/M/MV5BNjNhZTk0ZmEtNjJhMi00YzFlLWE1MmEtYzM1M2ZmMGMwMTU4XkEyXkFqcGdeQXVyNjU0OTQ0OTY@._V1_.jpg
The Sixth Sense,https://m.media-amazon.com/images/M/MV5BMWM4NTFhYjctNzUyNi00NGMwLTk3NTYtMDIyNTZmMzRlYmQyXkEyXkFqcGdeQXVyMTAwMzUyOTc@._V1_.jpg
The Suicide Squad,https://m.media-amazon.com/images/M/MV5BMWU3Y2NlZmEtMjJjNS00ZWMxLWE1MzctYWYyMjMzMDdkNTE4XkEyXkFqcGc@._V1_.jpg
The Terminator,https://m.media-amazon.com/images/M/MV5BZmE0YzIxM2QtMGNlMi00MjRmLWE3MWMtOWQzMGVjMmU0YTFmXkEyXkFqcGc@._V1_.jpg
The Thing,https://m.media-amazon.com/images/M/MV5BNGViZWZmM2EtNGYzZi00ZDAyLTk3ODMtNzIyZTBjN2Y1NmM1XkEyXkFqcGdeQXVyNTAyODkwOQ@@._V1_.jpg
The Truman Show,https://m.media-amazon.com/images/M/MV5BMDIzODcyY2EtMmY2MC00ZWVlLTgwMzAtMjQwOWUyNmJjNTYyXkEyXkFqcGdeQXVyNDk3NzU2MTQ@._V1_.jpg
The Usual Suspects,https://m.media-amazon.com/images/M/MV5BOTE5MDUxZDUtZWZmZC00NDVmLWFhOGQtNWI2YTc4NzY3MGQ0XkEyXkFqcGc@._V1_.jpg
The Wolverine,https://m.media-amazon.com/images/M/MV5BNzg1MDQxMTQ2OF5BMl5BanBnXkFtZTcwMTk3MjAzOQ@@._V1_.jpg
Thor,https://m.media-amazon.com/images/M/MV5BNjRhNGZjZjEtYTQzYS00OWUxLThjNGEtMTIwMTE2ZDFlZTZkXkEyXkFqcGc@._V1_.jpg
Thor: Love and Thunder,https://m.media-amazon.com/images/M/MV5BZjRiMDhiZjQtNjk5Yi00ZDcwLTkyYTEtMDc1NjdmNjFhNGIzXkEyXkFqcGc@._V1_.jpg
Thor: Ragnarok,https://m.media-amazon.com/images/M/MV5BMjMyNDkzMzI1OF5BMl5BanBnXkFtZTgwODcxODg5MjI@._V1_.jpg
Thor: The Dark World,https://m.media-amazon.com/images/M/MV5BMTQyNzAwOTUxOF5BMl5BanBnXkFtZTcwMTE0OTc5OQ@@._V1_.jpg
Toy Story,https://m.media-amazon.com/images/M/MV5BMDU2ZWJlMjktMTRhMy00ZTA5LWEzNDgtYmNmZTEwZTViZWJkXkEyXkFqcGdeQXVyNDQ2OTk4MzI@._V1_.jpg
Toy Story 2,https://m.media-amazon.com/images/M/MV5BMWM5ZDcxMTYtNTEyNS00MDRkLWI3YTItNThmMGExMWY4NDIwXkEyXkFqcGdeQXVyNjUwNzk3NDc@._V1_.jpg
Trevor Noah: I Wish You Would,https://m.media-amazon.com/images/M/MV5BMWVjMWZlM2MtZThkMS00YmU5LTg2Y2ItZGEwMzRkODMwZWJhXkEyXkFqcGc@._V1_.jpg
True Lies,https://m.media-amazon.com/images/M/MV5BYjU1ZjNhMjMtOTMxZS00MDc1LTlkNzQtZTdjNGQyYjQ4YTA4XkEyXkFqcGc@._V1_.jpg
V For Vendetta,https://m.media-amazon.com/images/M/MV5BOTI5ODc3NzExNV5BMl5BanBnXkFtZTcwNzYxNzQzMw@@._V1_.jpg
Venom,https://m.media-amazon.com/images/M/MV5BNTYwMDg5MDItNjhmZi00NmVmLThjNWItMmNkMjVkMWRhNzI2XkEyXkFqcGc@._V1_.jpg
Venom: Let There Be Carnage,https://m.media-amazon.com/images/M/MV5BZGIxMTU1MjItM2FmMi00YmFiLTgwNDMtMTczYmVjYTBhNGZhXkEyXkFqcGc@._V1_.jpg
Wall-E,https://m.media-amazon.com/images/M/MV5BMjExMTg5OTU0NF5BMl5BanBnXkFtZTcwMjMxMzMzMw@@._V1_.jpg
Watchmen,https://m.media-amazon.com/images/M/MV5BYmJiNTUwYWUtZDllNi00ODdjLWFmNTEtOTVlNmYxYTZhNzYzXkEyXkFqcGc@._V1_.jpg
Weekend at Bernie's,https://m.media-amazon.com/images/M/MV5BMzM1NDkxOWQtNTVkOC00YjA5LTk3ZjQtZWM5OGE1ZjMxZTJlXkEyXkFqcGc@._V1_.jpg
West Side Story,https://m.media-amazon.com/images/M/MV5BMTM0NDAxOTI5MF5BMl5BanBnXkFtZTcwNjI4Mjg3NA@@._V1_.jpg
Who Framed Roger Rabbit?,https://m.media-amazon.com/images/M/MV5BMDc5ZGRiM2EtMWRmMC00YjViLWEwMjYtNGE5MWVlZGEzZGM0XkEyXkFqcGc@._V1_.jpg
Wonder Woman,https://m.media-amazon.com/images/M/MV5BMTQ3NDkxNjM0Ml5BMl5BanBnXkFtZTgwNzQxNTkwMDE@._V1_.jpg
Wreck-It Ralph,https://m.media-amazon.com/images/M/MV5BNzMxNTExOTkyMF5BMl5BanBnXkFtZTcwMzEyNDc0OA@@._V1_.jpg
X-Men 2: X-Men United,https://m.media-amazon.com/images/M/MV5BNDk0NjYxMzIzOF5BMl5BanBnXkFtZTYwMTc1MjU3._V1_.jpg
X-Men: Days of Future Past,https://m.media-amazon.com/images/M/MV5BNzNiYWE4NjMtMTU4OS00NmM4LWE4ZjAtYmE5OTA5NjkzODExXkEyXkFqcGc@._V1_.jpg
X-Men: First Class,https://m.media-amazon.com/images/M/MV5BMTg5OTMxNzk4Nl5BMl5BanBnXkFtZTcwOTk1MjAwNQ@@._V1_.jpg
X-Men: The Last Stand,https://m.media-amazon.com/images/M/MV5BMThmOWE3OWEtODJmNC00ZDEzLTk4MWUtNzEzM2RiNmJiZmU3XkEyXkFqcGc@._V1_.jpg
Zoolander,https://m.media-amazon.com/images/M/MV5BODI4NDY2NDM5M15BMl5BanBnXkFtZTgwNzEwOTMxMDE@._V1_.jpg
Zootopia,https://m.media-amazon.com/images/M/MV5BOTMyMjEyNzIzMV5BMl5BanBnXkFtZTgwNzIyNjU0NzE@._V1_.jpg